{"cameraMode":{"drawMode":0,"name":"Shaded","section":"Shading Mode"},"sceneLighting":true,"audioPlay":false,"sceneViewState":{"m_AlwaysRefresh":false,"showFog":true,"showSkybox":true,"showFlares":true,"showImageEffects":true,"showParticleSystems":true,"showVisualEffectGraphs":true,"m_FxEnabled":true},"in2DMode":false,"pivot":{"x":198.85455322265626,"y":0.21244102716445924,"z":462.4347229003906},"rotation":{"x":0.23989225924015046,"y":0.10233384370803833,"z":-0.025308361276984216,"w":0.9651687145233154},"size":2.379075765609741,"orthographic":false}