{"cameraMode":{"drawMode":0,"name":"Shaded","section":"Shading Mode"},"sceneLighting":true,"audioPlay":false,"sceneViewState":{"m_AlwaysRefresh":false,"showFog":true,"showSkybox":true,"showFlares":true,"showImageEffects":true,"showParticleSystems":true,"showVisualEffectGraphs":true,"m_FxEnabled":true},"in2DMode":false,"pivot":{"x":215.09080505371095,"y":1.3583312034606934,"z":448.53570556640627},"rotation":{"x":-0.010351421311497689,"y":-0.9470974802970886,"z":0.31933480501174929,"w":-0.030700523406267167},"size":1.066441297531128,"orthographic":false}