{"cameraMode":{"drawMode":0,"name":"Shaded","section":"Shading Mode"},"sceneLighting":true,"audioPlay":false,"sceneViewState":{"m_AlwaysRefresh":false,"showFog":true,"showSkybox":true,"showFlares":true,"showImageEffects":true,"showParticleSystems":true,"showVisualEffectGraphs":true,"m_FxEnabled":true},"in2DMode":false,"pivot":{"x":215.09132385253907,"y":1.3943357467651368,"z":448.59698486328127},"rotation":{"x":-0.15885256230831147,"y":-0.7874691486358643,"z":0.2270824909210205,"w":-0.5505645275115967},"size":1.5848331451416016,"orthographic":false}